asin,title,price,rating,ratings_count,position,is_sponsored,prime,bought_activity,color_options
B09DT48V16,TAGRY Bluetooth Headphones True Wireless Earbuds 60H Playback LED Power Display Earphones with Wireless Charging Case IPX5 Waterproof in-Ear Ear buds with Mic for TV Smart Phone Laptop Computer Sports,"{'currency': 'USD', 'raw': '$25.98', 'symbol': '$', 'value': '25.98'}",4.4,,0,True,,,
B09LD2D1TV,TAGRY Bluetooth Headphones True Wireless Earbuds 60H Playback LED Power Display Earphones with Wireless Charging Case IPX5 Waterproof in-Ear Ear buds with Mic for TV Smart Phone Laptop Computer Sports,"{'currency': 'USD', 'raw': '$25.98', 'symbol': '$', 'value': '25.98'}",4.4,,1,True,,,
B09LD1T57H,TAGRY Bluetooth Headphones True Wireless Earbuds 60H Playback LED Power Display Earphones with Wireless Charging Case IPX5 Waterproof in-Ear Ear buds with Mic for TV Smart Phone Laptop Computer Sports,"{'currency': 'USD', 'raw': '$25.98', 'symbol': '$', 'value': '25.98'}",4.4,,2,True,,,
B09LD44NW6,TAGRY Bluetooth Headphones True Wireless Earbuds 60H Playback LED Power Display Earphones with Wireless Charging Case IPX5 Waterproof in-Ear Ear buds with Mic for TV Smart Phone Laptop Computer Sports,"{'currency': 'USD', 'raw': '$25.98', 'symbol': '$', 'value': '25.98'}",4.4,,3,True,,,
B09TZY6B27,TAGRY Bluetooth Headphones True Wireless Earbuds 60H Playback LED Power Display Earphones with Wireless Charging Case IPX5 Waterproof in-Ear Ear buds with Mic for TV Smart Phone Laptop Computer Sports,"{'currency': 'USD', 'raw': '$25.98', 'symbol': '$', 'value': '25.98'}",4.4,,4,True,,,
B0DG532KKT,TAGRY Bluetooth Headphones True Wireless Earbuds 60H Playback LED Power Display Earphones with Wireless Charging Case IPX5 Waterproof in-Ear Ear buds with Mic for TV Smart Phone Laptop Computer Sports,"{'currency': 'USD', 'raw': '$25.98', 'symbol': '$', 'value': '25.98'}",4.4,,5,True,,,
B0D5M1MS95,TAGRY Bluetooth Headphones True Wireless Earbuds 60H Playback LED Power Display Earphones with Wireless Charging Case IPX5 Waterproof in-Ear Ear buds with Mic for TV Smart Phone Laptop Computer Sports,"{'currency': 'USD', 'raw': '$25.98', 'symbol': '$', 'value': '25.98'}",4.4,,6,True,,,
B0C7QR4QNP,TAGRY Bluetooth Headphones True Wireless Earbuds 60H Playback LED Power Display Earphones with Wireless Charging Case IPX5 Waterproof in-Ear Ear buds with Mic for TV Smart Phone Laptop Computer Sports,"{'currency': 'USD', 'raw': '$25.98', 'symbol': '$', 'value': '25.98'}",4.4,,7,True,,,
B0HDB6MTYJ,"Wireless Earbuds, Bluetooth 5.3 Headphones HiFi Stereo 50H Playback LED Digital Display Ear Buds with ENC Noise Canceling Headset, IPX7 Waterproof Earphones for Gym/Running/Work（White）","{'currency': 'USD', 'raw': '$19.97', 'symbol': '$', 'value': '19.97'}",4.8,356.0,8,False,,,{'total_count': 6}
B0BTYCRJSS,"Soundcore by Anker P20i True Wireless Earbuds, with Big Bass, 30H Playtime | Bluetooth 5.3, Water-Resistant, 2 Mics for AI Clear Calls, 22 Preset EQs, Customization via App","{'currency': 'USD', 'raw': '$19.98', 'symbol': '$', 'value': '19.98'}",4.4,114762.0,9,False,,"{'period': 'past month', 'raw': '10K+ bought in past month', 'symbol': 'K', 'value': 10000}",{'total_count': 5}
B0DGHMNQ5Z,"Apple AirPods 4 Wireless Earbuds | Bluetooth Headphones, Personalized Spatial Audio, Sweat & Water Resistant, USB-C Charging Case, H2 Chip","{'currency': 'USD', 'raw': '$99.00', 'symbol': '$', 'value': '99.00'}",4.5,34546.0,10,False,,"{'period': 'past month', 'raw': '10K+ bought in past month', 'symbol': 'K', 'value': 10000}",
B095T14D4S,"Raycon Everyday Bluetooth Wireless Earbuds with Microphone - Active Noise Cancelling, Sweat & Water-Resistant Earphones, Ear Buds Wireless Bluetooth (Black)","{'currency': 'USD', 'raw': '$79.98', 'symbol': '$', 'value': '79.98'}",4.2,,11,True,,,
B095SZ4S71,"Raycon Everyday Bluetooth Wireless Earbuds with Microphone - Active Noise Cancelling, Sweat & Water-Resistant Earphones, Ear Buds Wireless Bluetooth (Blue)","{'currency': 'USD', 'raw': '$79.99', 'symbol': '$', 'value': '79.99'}",4.2,,12,True,,,
B095TQFJSG,"Raycon Everyday Bluetooth Wireless Earbuds with Microphone - Active Noise Cancelling, Sweat & Water-Resistant Earphones, Ear Buds Wireless Bluetooth (Rose Gold)","{'currency': 'USD', 'raw': '$79.99', 'symbol': '$', 'value': '79.99'}",4.2,,13,True,,,
B0FDXY1TSP,"Raycon Everyday Bluetooth Wireless Earbuds with Microphone - Active Noise Cancelling, Sweat & Water-Resistant Earphones, Ear Buds Wireless Bluetooth (Mint)","{'currency': 'USD', 'raw': '$79.99', 'symbol': '$', 'value': '79.99'}",4.2,,14,True,,,
B0FDXYVVXJ,"Raycon Everyday Bluetooth Wireless Earbuds with Microphone - Active Noise Cancelling, Sweat & Water-Resistant Earphones, Ear Buds Wireless Bluetooth (Purple)","{'currency': 'USD', 'raw': '$79.99', 'symbol': '$', 'value': '79.99'}",4.2,,15,True,,,
B0CRTR3PMF,"Soundcore P30i by Anker Noise Cancelling Earbuds, Hands-Free Viewing | Strong and Smart Noise Cancelling, Powerful Bass, 45H Playtime, 2-in-1 Case and Phone Stand, IP54, Bluetooth 5.4","{'currency': 'USD', 'raw': '$24.99', 'symbol': '$', 'value': '24.99'}",4.3,41741.0,16,False,,"{'period': 'past month', 'raw': '8K+ bought in past month', 'symbol': 'K', 'value': 8000}",{'total_count': 5}
B0DN45YMP6,"JBL Vibe Beam 2 - Noise Cancelling Earbuds - Black | JBL Pure Bass sound, Active Noise Cancelling with Smart Ambient, 4 mics for crisp, clear calls, Water and dust resistant",,4.1,6952.0,17,False,,"{'period': 'past month', 'raw': '10K+ bought in past month', 'symbol': 'K', 'value': 10000}",{'total_count': 4}
B0HCXW6CDR,"XIAOWTEK Wireless Earbuds, 2026 Bluetooth 5.4 Headphones Bass Stereo Ear Buds with Noise Cancelling Mic, LED Display in Ear Earphones 50H Playtime Ear Buds, IP7 Waterproof for Laptop Pad Phones White","{'currency': 'USD', 'raw': '$19.99', 'symbol': '$', 'value': '19.99'}",4.9,673.0,18,False,,,
B0D635YLCT,"kurdene Wireless Earbuds Bluetooth 5.3 Light Weight in Ear Headphones | Premium Sound Bass Ear buds with Charging Case,Touch Control,Built in Mics Headset,Clear Calls for Sports Workout","{'currency': 'USD', 'raw': '$12.99', 'symbol': '$', 'value': '12.99'}",4.3,60941.0,19,False,,"{'period': 'past month', 'raw': '10K+ bought in past month', 'symbol': 'K', 'value': 10000}","{'additional_count': 2, 'raw': '+2', 'total_count': 8}"
B0HFMWWFNJ,"Wireless Earbuds, Smart Touchscreen Ear Buds, ANC Headphones, Bluetooth 5.4 | 48H Playtime, ENC Clear Calls, 13mm Drivers, 5 EQ Modes, Hi-Fi Deep Bass, Lightweight Fit, for iPhone/Android/Pad","{'currency': 'USD', 'raw': '$16.99', 'symbol': '$', 'value': '16.99'}",4.7,78.0,20,False,,,"{'additional_count': 5, 'raw': '+5 other colors/patterns', 'total_count': 5}"
B09DT48V16,TAGRY Bluetooth Headphones True Wireless Earbuds 60H Playback LED Power Display Earphones with Wireless Charging Case IPX5 Waterproof in-Ear Ear buds with Mic for TV Smart Phone Laptop Computer Sports,"{'currency': 'USD', 'raw': '$25.98', 'symbol': '$', 'value': '25.98'}",4.4,88757.0,21,False,,"{'period': 'past month', 'raw': '10K+ bought in past month', 'symbol': 'K', 'value': 10000}","{'additional_count': 3, 'raw': '+3', 'total_count': 9}"
B0HC69VCFS,"HAOYUYAN Wireless Earbuds, Sports Bluetooth Headphones, 80Hrs Playtime Ear Buds with LED Power Display, Noise Canceling Headset, IPX7 Waterproof Earphones for Workout/Running（Rose Gold）","{'currency': 'USD', 'raw': '$23.98', 'symbol': '$', 'value': '23.98'}",4.9,234.0,22,False,,"{'period': 'past month', 'raw': '500+ bought in past month', 'value': 500}",
B09FT58QQP,"TOZO A1 Wireless Earbuds Bluetooth 5.3 Light Weight in Ear Headphones | IPX5 Waterproof,2 Mics for AI Calls,Immersive Premium Sound Bass Headset with Charging Case,32 EQ via App Black","{'currency': 'USD', 'raw': '$13.99', 'symbol': '$', 'value': '13.99'}",4.3,117148.0,23,False,,"{'period': 'past month', 'raw': '10K+ bought in past month', 'symbol': 'K', 'value': 10000}","{'additional_count': 4, 'raw': '+4', 'total_count': 10}"
B0HCZ6ZJLM,"Wireless Earbuds, Bluetooth 5.4 Headphones HIFI Stereo/Crystal clear, White | Noise Cancelling Mic Ear buds with 50H Playback, LED Digital Display, IPX7 Waterproof Earphones for Office/Running/Workout","{'currency': 'USD', 'raw': '$19.99', 'symbol': '$', 'value': '19.99'}",5.0,76.0,24,False,,,"{'additional_count': 2, 'raw': '+2 other colors/patterns', 'total_count': 2}"
B0HGWXB9Y2,"Wireless Earbuds Bluetooth 5.4 in Ear Earbuds HiFi Stereo Headphones, Black | 4 ENC Noise Cancelling Mic, 45H, LED Display, IP7 Waterproof Ear Buds for Android/iOS, Earphones for Phone Sports","{'currency': 'USD', 'raw': '$9.99', 'symbol': '$', 'value': '9.99'}",4.8,73.0,25,False,,,"{'additional_count': 5, 'raw': '+5 other colors/patterns', 'total_count': 5}"
B0CRTYZG5C,"Soundcore P30i by Anker Noise Cancelling Earbuds, Hands-Free Viewing | Strong and Smart Noise Cancelling, Powerful Bass, 45H Playtime, 2-in-1 Case and Phone Stand, IP54, Bluetooth 5.4","{'currency': 'USD', 'raw': '$24.99', 'symbol': '$', 'value': '24.99'}",4.3,41741.0,26,False,,"{'period': 'past month', 'raw': '10K+ bought in past month', 'symbol': 'K', 'value': 10000}",{'total_count': 5}
B0BQPNMXQV,"JBL Vibe Beam - True Wireless Earbuds - Black | JBL Deep Bass Sound, Comfortable fit, Up to 32 8h 24h total hours of battery life with speed charging","{'currency': 'USD', 'raw': '$54.95', 'symbol': '$', 'value': '54.95'}",4.2,40469.0,27,False,,"{'period': 'past month', 'raw': '10K+ bought in past month', 'symbol': 'K', 'value': 10000}",{'total_count': 5}
B0DCH8VDXF,"Apple EarPods Headphones with USB-C Plug, Wired Ear Buds with Built-in Remote to Control Music, Phone Calls, and Volume","{'currency': 'USD', 'raw': '$19.00', 'symbol': '$', 'value': '19.00'}",4.5,17687.0,28,False,,"{'period': 'past month', 'raw': '10K+ bought in past month', 'symbol': 'K', 'value': 10000}",
