asin,title,price,rating,ratings_count,position,is_sponsored,prime,bought_last_month,color_options_count,price_category,rating_category
B09DT48V16,TAGRY Bluetooth Headphones True Wireless Earbuds 60H Playback LED Power Display Earphones with Wireless Charging Case IPX5 Waterproof in-Ear Ear buds with Mic for TV Smart Phone Laptop Computer Sports,25.98,4.4,,0,True,,,0,Mid-Range,Good
B09LD2D1TV,TAGRY Bluetooth Headphones True Wireless Earbuds 60H Playback LED Power Display Earphones with Wireless Charging Case IPX5 Waterproof in-Ear Ear buds with Mic for TV Smart Phone Laptop Computer Sports,25.98,4.4,,1,True,,,0,Mid-Range,Good
B09LD1T57H,TAGRY Bluetooth Headphones True Wireless Earbuds 60H Playback LED Power Display Earphones with Wireless Charging Case IPX5 Waterproof in-Ear Ear buds with Mic for TV Smart Phone Laptop Computer Sports,25.98,4.4,,2,True,,,0,Mid-Range,Good
B09LD44NW6,TAGRY Bluetooth Headphones True Wireless Earbuds 60H Playback LED Power Display Earphones with Wireless Charging Case IPX5 Waterproof in-Ear Ear buds with Mic for TV Smart Phone Laptop Computer Sports,25.98,4.4,,3,True,,,0,Mid-Range,Good
B09TZY6B27,TAGRY Bluetooth Headphones True Wireless Earbuds 60H Playback LED Power Display Earphones with Wireless Charging Case IPX5 Waterproof in-Ear Ear buds with Mic for TV Smart Phone Laptop Computer Sports,25.98,4.4,,4,True,,,0,Mid-Range,Good
B0DG532KKT,TAGRY Bluetooth Headphones True Wireless Earbuds 60H Playback LED Power Display Earphones with Wireless Charging Case IPX5 Waterproof in-Ear Ear buds with Mic for TV Smart Phone Laptop Computer Sports,25.98,4.4,,5,True,,,0,Mid-Range,Good
B0D5M1MS95,TAGRY Bluetooth Headphones True Wireless Earbuds 60H Playback LED Power Display Earphones with Wireless Charging Case IPX5 Waterproof in-Ear Ear buds with Mic for TV Smart Phone Laptop Computer Sports,25.98,4.4,,6,True,,,0,Mid-Range,Good
B0C7QR4QNP,TAGRY Bluetooth Headphones True Wireless Earbuds 60H Playback LED Power Display Earphones with Wireless Charging Case IPX5 Waterproof in-Ear Ear buds with Mic for TV Smart Phone Laptop Computer Sports,25.98,4.4,,7,True,,,0,Mid-Range,Good
B0HDB6MTYJ,"Wireless Earbuds, Bluetooth 5.3 Headphones HiFi Stereo 50H Playback LED Digital Display Ear Buds with ENC Noise Canceling Headset, IPX7 Waterproof Earphones for Gym/Running/Work（White）",19.97,4.8,356.0,8,False,,,6,Budget,Excellent
B0BTYCRJSS,"Soundcore by Anker P20i True Wireless Earbuds, with Big Bass, 30H Playtime | Bluetooth 5.3, Water-Resistant, 2 Mics for AI Clear Calls, 22 Preset EQs, Customization via App",19.98,4.4,114762.0,9,False,,10000.0,5,Budget,Good
B0DGHMNQ5Z,"Apple AirPods 4 Wireless Earbuds | Bluetooth Headphones, Personalized Spatial Audio, Sweat & Water Resistant, USB-C Charging Case, H2 Chip",99.0,4.5,34546.0,10,False,,10000.0,0,Premium,Excellent
B095T14D4S,"Raycon Everyday Bluetooth Wireless Earbuds with Microphone - Active Noise Cancelling, Sweat & Water-Resistant Earphones, Ear Buds Wireless Bluetooth (Black)",79.98,4.2,,11,True,,,0,Premium,Good
B095SZ4S71,"Raycon Everyday Bluetooth Wireless Earbuds with Microphone - Active Noise Cancelling, Sweat & Water-Resistant Earphones, Ear Buds Wireless Bluetooth (Blue)",79.99,4.2,,12,True,,,0,Premium,Good
B095TQFJSG,"Raycon Everyday Bluetooth Wireless Earbuds with Microphone - Active Noise Cancelling, Sweat & Water-Resistant Earphones, Ear Buds Wireless Bluetooth (Rose Gold)",79.99,4.2,,13,True,,,0,Premium,Good
B0FDXY1TSP,"Raycon Everyday Bluetooth Wireless Earbuds with Microphone - Active Noise Cancelling, Sweat & Water-Resistant Earphones, Ear Buds Wireless Bluetooth (Mint)",79.99,4.2,,14,True,,,0,Premium,Good
B0FDXYVVXJ,"Raycon Everyday Bluetooth Wireless Earbuds with Microphone - Active Noise Cancelling, Sweat & Water-Resistant Earphones, Ear Buds Wireless Bluetooth (Purple)",79.99,4.2,,15,True,,,0,Premium,Good
B0CRTR3PMF,"Soundcore P30i by Anker Noise Cancelling Earbuds, Hands-Free Viewing | Strong and Smart Noise Cancelling, Powerful Bass, 45H Playtime, 2-in-1 Case and Phone Stand, IP54, Bluetooth 5.4",24.99,4.3,41741.0,16,False,,8000.0,5,Mid-Range,Good
B0DN45YMP6,"JBL Vibe Beam 2 - Noise Cancelling Earbuds - Black | JBL Pure Bass sound, Active Noise Cancelling with Smart Ambient, 4 mics for crisp, clear calls, Water and dust resistant",,4.1,6952.0,17,False,,10000.0,4,Unknown,Good
B0HCXW6CDR,"XIAOWTEK Wireless Earbuds, 2026 Bluetooth 5.4 Headphones Bass Stereo Ear Buds with Noise Cancelling Mic, LED Display in Ear Earphones 50H Playtime Ear Buds, IP7 Waterproof for Laptop Pad Phones White",19.99,4.9,673.0,18,False,,,0,Budget,Excellent
B0D635YLCT,"kurdene Wireless Earbuds Bluetooth 5.3 Light Weight in Ear Headphones | Premium Sound Bass Ear buds with Charging Case,Touch Control,Built in Mics Headset,Clear Calls for Sports Workout",12.99,4.3,60941.0,19,False,,10000.0,8,Budget,Good
B0HFMWWFNJ,"Wireless Earbuds, Smart Touchscreen Ear Buds, ANC Headphones, Bluetooth 5.4 | 48H Playtime, ENC Clear Calls, 13mm Drivers, 5 EQ Modes, Hi-Fi Deep Bass, Lightweight Fit, for iPhone/Android/Pad",16.99,4.7,78.0,20,False,,,5,Budget,Excellent
B0HC69VCFS,"HAOYUYAN Wireless Earbuds, Sports Bluetooth Headphones, 80Hrs Playtime Ear Buds with LED Power Display, Noise Canceling Headset, IPX7 Waterproof Earphones for Workout/Running（Rose Gold）",23.98,4.9,234.0,22,False,,500.0,0,Mid-Range,Excellent
B09FT58QQP,"TOZO A1 Wireless Earbuds Bluetooth 5.3 Light Weight in Ear Headphones | IPX5 Waterproof,2 Mics for AI Calls,Immersive Premium Sound Bass Headset with Charging Case,32 EQ via App Black",13.99,4.3,117148.0,23,False,,10000.0,10,Budget,Good
B0HCZ6ZJLM,"Wireless Earbuds, Bluetooth 5.4 Headphones HIFI Stereo/Crystal clear, White | Noise Cancelling Mic Ear buds with 50H Playback, LED Digital Display, IPX7 Waterproof Earphones for Office/Running/Workout",19.99,5.0,76.0,24,False,,,2,Budget,Excellent
B0HGWXB9Y2,"Wireless Earbuds Bluetooth 5.4 in Ear Earbuds HiFi Stereo Headphones, Black | 4 ENC Noise Cancelling Mic, 45H, LED Display, IP7 Waterproof Ear Buds for Android/iOS, Earphones for Phone Sports",9.99,4.8,73.0,25,False,,,5,Budget,Excellent
B0CRTYZG5C,"Soundcore P30i by Anker Noise Cancelling Earbuds, Hands-Free Viewing | Strong and Smart Noise Cancelling, Powerful Bass, 45H Playtime, 2-in-1 Case and Phone Stand, IP54, Bluetooth 5.4",24.99,4.3,41741.0,26,False,,10000.0,5,Mid-Range,Good
B0BQPNMXQV,"JBL Vibe Beam - True Wireless Earbuds - Black | JBL Deep Bass Sound, Comfortable fit, Up to 32 8h 24h total hours of battery life with speed charging",54.95,4.2,40469.0,27,False,,10000.0,5,Premium,Good
B0DCH8VDXF,"Apple EarPods Headphones with USB-C Plug, Wired Ear Buds with Built-in Remote to Control Music, Phone Calls, and Volume",19.0,4.5,17687.0,28,False,,10000.0,0,Budget,Excellent
